{
  "forecast_series_mm": [
    0.886165976524353,
    0.5735980272293091,
    0.6033052802085876,
    0.4515678882598877,
    0.6735876202583313,
    0.5299598574638367,
    0.4267737865447998,
    0.44414860010147095,
    0.6822355389595032,
    0.46595290303230286,
    0.4479602575302124,
    0.5131937861442566,
    0.3602021634578705,
    0.4480733275413513,
    0.46199312806129456,
    0.6165310740470886,
    0.4271490275859833,
    0.3385576009750366
  ],
  "horizon_steps": 18,
  "data_frequency_minutes": 10
}